Issue,Complaint
Flies,The number of flies inside the apartment has increased significantly.
Flies,Flies keep coming into the kitchen and are becoming a major issue.
Flies,There are flies swarming around the food area.
Flies,The number of flies inside the apartment has increased significantly.
Flies,Flies keep coming into the kitchen and are becoming a major issue.
Flies,There are flies swarming around the food area.
Flies,The number of flies inside the apartment has increased significantly.
Flies,Flies keep coming into the kitchen and are becoming a major issue.
Flies,There are flies swarming around the food area.
Flies,The number of flies inside the apartment has increased significantly.
Flies,Flies keep coming into the kitchen and are becoming a major issue.
Flies,There are flies swarming around the food area.
Flies,The number of flies inside the apartment has increased significantly.
Flies,Flies keep coming into the kitchen and are becoming a major issue.
Flies,There are flies swarming around the food area.
Flies,The number of flies inside the apartment has increased significantly.
Flies,Flies keep coming into the kitchen and are becoming a major issue.
Flies,There are flies swarming around the food area.
Flies,The number of flies inside the apartment has increased significantly.
Flies,Flies keep coming into the kitchen and are becoming a major issue.
Flies,There are flies swarming around the food area.
Flies,The number of flies inside the apartment has increased significantly.
Flies,Flies keep coming into the kitchen and are becoming a major issue.
Flies,There are flies swarming around the food area.
Flies,The number of flies inside the apartment has increased significantly.
Flies,Flies keep coming into the kitchen and are becoming a major issue.
Flies,There are flies swarming around the food area.
Flies,The number of flies inside the apartment has increased significantly.
Flies,Flies keep coming into the kitchen and are becoming a major issue.
Flies,There are flies swarming around the food area.
Flies,The number of flies inside the apartment has increased significantly.
Flies,Flies keep coming into the kitchen and are becoming a major issue.
Flies,There are flies swarming around the food area.
Flies,The number of flies inside the apartment has increased significantly.
Flies,Flies keep coming into the kitchen and are becoming a major issue.
Flies,There are flies swarming around the food area.
Flies,The number of flies inside the apartment has increased significantly.
Flies,Flies keep coming into the kitchen and are becoming a major issue.
Flies,There are flies swarming around the food area.
Flies,The number of flies inside the apartment has increased significantly.
Flies,Flies keep coming into the kitchen and are becoming a major issue.
Flies,There are flies swarming around the food area.
Flies,The number of flies inside the apartment has increased significantly.
Flies,Flies keep coming into the kitchen and are becoming a major issue.
Flies,There are flies swarming around the food area.
Flies,The number of flies inside the apartment has increased significantly.
Flies,Flies keep coming into the kitchen and are becoming a major issue.
Flies,There are flies swarming around the food area.
Flies,The number of flies inside the apartment has increased significantly.
Flies,Flies keep coming into the kitchen and are becoming a major issue.
Flies,There are flies swarming around the food area.
Flies,The number of flies inside the apartment has increased significantly.
Flies,Flies keep coming into the kitchen and are becoming a major issue.
Flies,There are flies swarming around the food area.
Flies,The number of flies inside the apartment has increased significantly.
Flies,Flies keep coming into the kitchen and are becoming a major issue.
Flies,There are flies swarming around the food area.
Flies,The number of flies inside the apartment has increased significantly.
Flies,Flies keep coming into the kitchen and are becoming a major issue.
Flies,There are flies swarming around the food area.
Flies,The number of flies inside the apartment has increased significantly.
Flies,Flies keep coming into the kitchen and are becoming a major issue.
Flies,There are flies swarming around the food area.
Flies,The number of flies inside the apartment has increased significantly.
Flies,Flies keep coming into the kitchen and are becoming a major issue.
Flies,There are flies swarming around the food area.
Flies,The number of flies inside the apartment has increased significantly.
Flies,Flies keep coming into the kitchen and are becoming a major issue.
Flies,There are flies swarming around the food area.
Flies,The number of flies inside the apartment has increased significantly.
Flies,Flies keep coming into the kitchen and are becoming a major issue.
Flies,There are flies swarming around the food area.
Flies,The number of flies inside the apartment has increased significantly.
Flies,Flies keep coming into the kitchen and are becoming a major issue.
Flies,There are flies swarming around the food area.
Flies,The number of flies inside the apartment has increased significantly.
Flies,Flies keep coming into the kitchen and are becoming a major issue.
Flies,There are flies swarming around the food area.
Flies,The number of flies inside the apartment has increased significantly.
Flies,Flies keep coming into the kitchen and are becoming a major issue.
Flies,There are flies swarming around the food area.
Flies,The number of flies inside the apartment has increased significantly.
Flies,Flies keep coming into the kitchen and are becoming a major issue.
Flies,There are flies swarming around the food area.
Flies,The number of flies inside the apartment has increased significantly.
Flies,Flies keep coming into the kitchen and are becoming a major issue.
Flies,There are flies swarming around the food area.
Flies,The number of flies inside the apartment has increased significantly.
Flies,Flies keep coming into the kitchen and are becoming a major issue.
Flies,There are flies swarming around the food area.
Flies,The number of flies inside the apartment has increased significantly.
Flies,Flies keep coming into the kitchen and are becoming a major issue.
Flies,There are flies swarming around the food area.
Flies,The number of flies inside the apartment has increased significantly.
Flies,Flies keep coming into the kitchen and are becoming a major issue.
Flies,There are flies swarming around the food area.
Flies,The number of flies inside the apartment has increased significantly.
Flies,Flies keep coming into the kitchen and are becoming a major issue.
Flies,There are flies swarming around the food area.
Flies,The number of flies inside the apartment has increased significantly.
Flies,Flies keep coming into the kitchen and are becoming a major issue.
Flies,There are flies swarming around the food area.
Flies,The number of flies inside the apartment has increased significantly.
Flies,Flies keep coming into the kitchen and are becoming a major issue.
Flies,There are flies swarming around the food area.
Flies,The number of flies inside the apartment has increased significantly.
Flies,Flies keep coming into the kitchen and are becoming a major issue.
Flies,There are flies swarming around the food area.
Flies,The number of flies inside the apartment has increased significantly.
Flies,Flies keep coming into the kitchen and are becoming a major issue.
Flies,There are flies swarming around the food area.
Flies,The number of flies inside the apartment has increased significantly.
Flies,Flies keep coming into the kitchen and are becoming a major issue.
Flies,There are flies swarming around the food area.
Flies,The number of flies inside the apartment has increased significantly.
Flies,Flies keep coming into the kitchen and are becoming a major issue.
Flies,There are flies swarming around the food area.
Flies,The number of flies inside the apartment has increased significantly.
Flies,Flies keep coming into the kitchen and are becoming a major issue.
Flies,There are flies swarming around the food area.
Flies,The number of flies inside the apartment has increased significantly.
Flies,Flies keep coming into the kitchen and are becoming a major issue.
Flies,There are flies swarming around the food area.
Flies,The number of flies inside the apartment has increased significantly.
Flies,Flies keep coming into the kitchen and are becoming a major issue.
Flies,There are flies swarming around the food area.
Flies,The number of flies inside the apartment has increased significantly.
Flies,Flies keep coming into the kitchen and are becoming a major issue.
Flies,There are flies swarming around the food area.
Flies,The number of flies inside the apartment has increased significantly.
Flies,Flies keep coming into the kitchen and are becoming a major issue.
Flies,There are flies swarming around the food area.
Flies,The number of flies inside the apartment has increased significantly.
Flies,Flies keep coming into the kitchen and are becoming a major issue.
Flies,There are flies swarming around the food area.
Flies,The number of flies inside the apartment has increased significantly.
Flies,Flies keep coming into the kitchen and are becoming a major issue.
Flies,There are flies swarming around the food area.
Flies,The number of flies inside the apartment has increased significantly.
Flies,Flies keep coming into the kitchen and are becoming a major issue.
Flies,There are flies swarming around the food area.
Flies,The number of flies inside the apartment has increased significantly.
Flies,Flies keep coming into the kitchen and are becoming a major issue.
Flies,There are flies swarming around the food area.
Flies,The number of flies inside the apartment has increased significantly.
Flies,Flies keep coming into the kitchen and are becoming a major issue.
Flies,There are flies swarming around the food area.
Flies,The number of flies inside the apartment has increased significantly.
Flies,Flies keep coming into the kitchen and are becoming a major issue.
Flies,There are flies swarming around the food area.
Flies,The number of flies inside the apartment has increased significantly.
Flies,Flies keep coming into the kitchen and are becoming a major issue.
Flies,There are flies swarming around the food area.
Flies,The number of flies inside the apartment has increased significantly.
Flies,Flies keep coming into the kitchen and are becoming a major issue.
Flies,There are flies swarming around the food area.
Flies,The number of flies inside the apartment has increased significantly.
Flies,Flies keep coming into the kitchen and are becoming a major issue.
Flies,There are flies swarming around the food area.
Flies,The number of flies inside the apartment has increased significantly.
Flies,Flies keep coming into the kitchen and are becoming a major issue.
Flies,There are flies swarming around the food area.
Flies,The number of flies inside the apartment has increased significantly.
Flies,Flies keep coming into the kitchen and are becoming a major issue.
Flies,There are flies swarming around the food area.
Flies,The number of flies inside the apartment has increased significantly.
Flies,Flies keep coming into the kitchen and are becoming a major issue.
Flies,There are flies swarming around the food area.
Flies,The number of flies inside the apartment has increased significantly.
Flies,Flies keep coming into the kitchen and are becoming a major issue.
Flies,There are flies swarming around the food area.
Flies,The number of flies inside the apartment has increased significantly.
Flies,Flies keep coming into the kitchen and are becoming a major issue.
Flies,There are flies swarming around the food area.
Flies,The number of flies inside the apartment has increased significantly.
Flies,Flies keep coming into the kitchen and are becoming a major issue.
Flies,There are flies swarming around the food area.
Flies,The number of flies inside the apartment has increased significantly.
Flies,Flies keep coming into the kitchen and are becoming a major issue.
Flies,There are flies swarming around the food area.
Flies,The number of flies inside the apartment has increased significantly.
Flies,Flies keep coming into the kitchen and are becoming a major issue.
Flies,There are flies swarming around the food area.
Flies,The number of flies inside the apartment has increased significantly.
Flies,Flies keep coming into the kitchen and are becoming a major issue.
Flies,There are flies swarming around the food area.
Flies,The number of flies inside the apartment has increased significantly.
Flies,Flies keep coming into the kitchen and are becoming a major issue.
Flies,There are flies swarming around the food area.
Flies,The number of flies inside the apartment has increased significantly.
Flies,Flies keep coming into the kitchen and are becoming a major issue.
Flies,There are flies swarming around the food area.
Flies,The number of flies inside the apartment has increased significantly.
Flies,Flies keep coming into the kitchen and are becoming a major issue.
Flies,There are flies swarming around the food area.
Flies,The number of flies inside the apartment has increased significantly.
Flies,Flies keep coming into the kitchen and are becoming a major issue.
Flies,There are flies swarming around the food area.
Flies,The number of flies inside the apartment has increased significantly.
Flies,Flies keep coming into the kitchen and are becoming a major issue.
Flies,There are flies swarming around the food area.
Flies,The number of flies inside the apartment has increased significantly.
Flies,Flies keep coming into the kitchen and are becoming a major issue.
Flies,There are flies swarming around the food area.
Flies,The number of flies inside the apartment has increased significantly.
Flies,Flies keep coming into the kitchen and are becoming a major issue.
Flies,There are flies swarming around the food area.
Flies,The number of flies inside the apartment has increased significantly.
Flies,Flies keep coming into the kitchen and are becoming a major issue.
Flies,There are flies swarming around the food area.
Flies,The number of flies inside the apartment has increased significantly.
Flies,Flies keep coming into the kitchen and are becoming a major issue.
Flies,There are flies swarming around the food area.
Flies,The number of flies inside the apartment has increased significantly.
Flies,Flies keep coming into the kitchen and are becoming a major issue.
Flies,There are flies swarming around the food area.
Flies,The number of flies inside the apartment has increased significantly.
Flies,Flies keep coming into the kitchen and are becoming a major issue.
Flies,There are flies swarming around the food area.
Flies,The number of flies inside the apartment has increased significantly.
Flies,Flies keep coming into the kitchen and are becoming a major issue.
Flies,There are flies swarming around the food area.
Flies,The number of flies inside the apartment has increased significantly.
Flies,Flies keep coming into the kitchen and are becoming a major issue.
Flies,There are flies swarming around the food area.
Flies,The number of flies inside the apartment has increased significantly.
Flies,Flies keep coming into the kitchen and are becoming a major issue.
Flies,There are flies swarming around the food area.
Flies,The number of flies inside the apartment has increased significantly.
Flies,Flies keep coming into the kitchen and are becoming a major issue.
Flies,There are flies swarming around the food area.
Flies,The number of flies inside the apartment has increased significantly.
Flies,Flies keep coming into the kitchen and are becoming a major issue.
Flies,There are flies swarming around the food area.
Flies,The number of flies inside the apartment has increased significantly.
Flies,Flies keep coming into the kitchen and are becoming a major issue.
Flies,There are flies swarming around the food area.
Flies,The number of flies inside the apartment has increased significantly.
Flies,Flies keep coming into the kitchen and are becoming a major issue.
Flies,There are flies swarming around the food area.
Flies,The number of flies inside the apartment has increased significantly.
Flies,Flies keep coming into the kitchen and are becoming a major issue.
Flies,There are flies swarming around the food area.
Flies,The number of flies inside the apartment has increased significantly.
Flies,Flies keep coming into the kitchen and are becoming a major issue.
Flies,There are flies swarming around the food area.
Flies,The number of flies inside the apartment has increased significantly.
Flies,Flies keep coming into the kitchen and are becoming a major issue.
Flies,There are flies swarming around the food area.
Flies,The number of flies inside the apartment has increased significantly.
Flies,Flies keep coming into the kitchen and are becoming a major issue.
Flies,There are flies swarming around the food area.
Flies,The number of flies inside the apartment has increased significantly.
Flies,Flies keep coming into the kitchen and are becoming a major issue.
Flies,There are flies swarming around the food area.
Flies,The number of flies inside the apartment has increased significantly.
Flies,Flies keep coming into the kitchen and are becoming a major issue.
Flies,There are flies swarming around the food area.
Flies,The number of flies inside the apartment has increased significantly.
Flies,Flies keep coming into the kitchen and are becoming a major issue.
Flies,There are flies swarming around the food area.
Flies,The number of flies inside the apartment has increased significantly.
Flies,Flies keep coming into the kitchen and are becoming a major issue.
Flies,There are flies swarming around the food area.
Flies,The number of flies inside the apartment has increased significantly.
Flies,Flies keep coming into the kitchen and are becoming a major issue.
Flies,There are flies swarming around the food area.
Flies,The number of flies inside the apartment has increased significantly.
Flies,Flies keep coming into the kitchen and are becoming a major issue.
Flies,There are flies swarming around the food area.
Flies,The number of flies inside the apartment has increased significantly.
Flies,Flies keep coming into the kitchen and are becoming a major issue.
Flies,There are flies swarming around the food area.
Flies,The number of flies inside the apartment has increased significantly.
Flies,Flies keep coming into the kitchen and are becoming a major issue.
Flies,There are flies swarming around the food area.
Flies,The number of flies inside the apartment has increased significantly.
Flies,Flies keep coming into the kitchen and are becoming a major issue.
Flies,There are flies swarming around the food area.
Flies,The number of flies inside the apartment has increased significantly.
Flies,Flies keep coming into the kitchen and are becoming a major issue.
Flies,There are flies swarming around the food area.
Flies,The number of flies inside the apartment has increased significantly.
Flies,Flies keep coming into the kitchen and are becoming a major issue.
Flies,There are flies swarming around the food area.
Flies,The number of flies inside the apartment has increased significantly.
Flies,Flies keep coming into the kitchen and are becoming a major issue.
Flies,There are flies swarming around the food area.
Flies,The number of flies inside the apartment has increased significantly.
Flies,Flies keep coming into the kitchen and are becoming a major issue.
Flies,There are flies swarming around the food area.
Flies,The number of flies inside the apartment has increased significantly.
Flies,Flies keep coming into the kitchen and are becoming a major issue.
Flies,There are flies swarming around the food area.
Flies,The number of flies inside the apartment has increased significantly.
Flies,Flies keep coming into the kitchen and are becoming a major issue.
Flies,There are flies swarming around the food area.
Flies,The number of flies inside the apartment has increased significantly.
Flies,Flies keep coming into the kitchen and are becoming a major issue.
Flies,There are flies swarming around the food area.
Wasps,"Wasps are gathering near the windows and doors, making it hard to go outside."
Wasps,The number of wasps outside my apartment windows has increased.
Wasps,"Wasps keep gathering outside, making it hard to enjoy the balcony."
Wasps,"Wasps are gathering near the windows and doors, making it hard to go outside."
Wasps,The number of wasps outside my apartment windows has increased.
Wasps,"Wasps keep gathering outside, making it hard to enjoy the balcony."
Wasps,"Wasps are gathering near the windows and doors, making it hard to go outside."
Wasps,The number of wasps outside my apartment windows has increased.
Wasps,"Wasps keep gathering outside, making it hard to enjoy the balcony."
Wasps,"Wasps are gathering near the windows and doors, making it hard to go outside."
Wasps,The number of wasps outside my apartment windows has increased.
Wasps,"Wasps keep gathering outside, making it hard to enjoy the balcony."
Wasps,"Wasps are gathering near the windows and doors, making it hard to go outside."
Wasps,The number of wasps outside my apartment windows has increased.
Wasps,"Wasps keep gathering outside, making it hard to enjoy the balcony."
Wasps,"Wasps are gathering near the windows and doors, making it hard to go outside."
Wasps,The number of wasps outside my apartment windows has increased.
Wasps,"Wasps keep gathering outside, making it hard to enjoy the balcony."
Wasps,"Wasps are gathering near the windows and doors, making it hard to go outside."
Wasps,The number of wasps outside my apartment windows has increased.
Wasps,"Wasps keep gathering outside, making it hard to enjoy the balcony."
Wasps,"Wasps are gathering near the windows and doors, making it hard to go outside."
Wasps,The number of wasps outside my apartment windows has increased.
Wasps,"Wasps keep gathering outside, making it hard to enjoy the balcony."
Wasps,"Wasps are gathering near the windows and doors, making it hard to go outside."
Wasps,The number of wasps outside my apartment windows has increased.
Wasps,"Wasps keep gathering outside, making it hard to enjoy the balcony."
Wasps,"Wasps are gathering near the windows and doors, making it hard to go outside."
Wasps,The number of wasps outside my apartment windows has increased.
Wasps,"Wasps keep gathering outside, making it hard to enjoy the balcony."
Wasps,"Wasps are gathering near the windows and doors, making it hard to go outside."
Wasps,The number of wasps outside my apartment windows has increased.
Wasps,"Wasps keep gathering outside, making it hard to enjoy the balcony."
Wasps,"Wasps are gathering near the windows and doors, making it hard to go outside."
Wasps,The number of wasps outside my apartment windows has increased.
Wasps,"Wasps keep gathering outside, making it hard to enjoy the balcony."
Wasps,"Wasps are gathering near the windows and doors, making it hard to go outside."
Wasps,The number of wasps outside my apartment windows has increased.
Wasps,"Wasps keep gathering outside, making it hard to enjoy the balcony."
Wasps,"Wasps are gathering near the windows and doors, making it hard to go outside."
Wasps,The number of wasps outside my apartment windows has increased.
Wasps,"Wasps keep gathering outside, making it hard to enjoy the balcony."
Wasps,"Wasps are gathering near the windows and doors, making it hard to go outside."
Wasps,The number of wasps outside my apartment windows has increased.
Wasps,"Wasps keep gathering outside, making it hard to enjoy the balcony."
Wasps,"Wasps are gathering near the windows and doors, making it hard to go outside."
Wasps,The number of wasps outside my apartment windows has increased.
Wasps,"Wasps keep gathering outside, making it hard to enjoy the balcony."
Wasps,"Wasps are gathering near the windows and doors, making it hard to go outside."
Wasps,The number of wasps outside my apartment windows has increased.
Wasps,"Wasps keep gathering outside, making it hard to enjoy the balcony."
Wasps,"Wasps are gathering near the windows and doors, making it hard to go outside."
Wasps,The number of wasps outside my apartment windows has increased.
Wasps,"Wasps keep gathering outside, making it hard to enjoy the balcony."
Wasps,"Wasps are gathering near the windows and doors, making it hard to go outside."
Wasps,The number of wasps outside my apartment windows has increased.
Wasps,"Wasps keep gathering outside, making it hard to enjoy the balcony."
Wasps,"Wasps are gathering near the windows and doors, making it hard to go outside."
Wasps,The number of wasps outside my apartment windows has increased.
Wasps,"Wasps keep gathering outside, making it hard to enjoy the balcony."
Wasps,"Wasps are gathering near the windows and doors, making it hard to go outside."
Wasps,The number of wasps outside my apartment windows has increased.
Wasps,"Wasps keep gathering outside, making it hard to enjoy the balcony."
Wasps,"Wasps are gathering near the windows and doors, making it hard to go outside."
Wasps,The number of wasps outside my apartment windows has increased.
Wasps,"Wasps keep gathering outside, making it hard to enjoy the balcony."
Wasps,"Wasps are gathering near the windows and doors, making it hard to go outside."
Wasps,The number of wasps outside my apartment windows has increased.
Wasps,"Wasps keep gathering outside, making it hard to enjoy the balcony."
Wasps,"Wasps are gathering near the windows and doors, making it hard to go outside."
Wasps,The number of wasps outside my apartment windows has increased.
Wasps,"Wasps keep gathering outside, making it hard to enjoy the balcony."
Wasps,"Wasps are gathering near the windows and doors, making it hard to go outside."
Wasps,The number of wasps outside my apartment windows has increased.
Wasps,"Wasps keep gathering outside, making it hard to enjoy the balcony."
Wasps,"Wasps are gathering near the windows and doors, making it hard to go outside."
Wasps,The number of wasps outside my apartment windows has increased.
Wasps,"Wasps keep gathering outside, making it hard to enjoy the balcony."
Wasps,"Wasps are gathering near the windows and doors, making it hard to go outside."
Wasps,The number of wasps outside my apartment windows has increased.
Wasps,"Wasps keep gathering outside, making it hard to enjoy the balcony."
Wasps,"Wasps are gathering near the windows and doors, making it hard to go outside."
Wasps,The number of wasps outside my apartment windows has increased.
Wasps,"Wasps keep gathering outside, making it hard to enjoy the balcony."
Wasps,"Wasps are gathering near the windows and doors, making it hard to go outside."
Wasps,The number of wasps outside my apartment windows has increased.
Wasps,"Wasps keep gathering outside, making it hard to enjoy the balcony."
Wasps,"Wasps are gathering near the windows and doors, making it hard to go outside."
Wasps,The number of wasps outside my apartment windows has increased.
Wasps,"Wasps keep gathering outside, making it hard to enjoy the balcony."
Wasps,"Wasps are gathering near the windows and doors, making it hard to go outside."
Wasps,The number of wasps outside my apartment windows has increased.
Wasps,"Wasps keep gathering outside, making it hard to enjoy the balcony."
Wasps,"Wasps are gathering near the windows and doors, making it hard to go outside."
Wasps,The number of wasps outside my apartment windows has increased.
Wasps,"Wasps keep gathering outside, making it hard to enjoy the balcony."
Wasps,"Wasps are gathering near the windows and doors, making it hard to go outside."
Wasps,The number of wasps outside my apartment windows has increased.
Wasps,"Wasps keep gathering outside, making it hard to enjoy the balcony."
Wasps,"Wasps are gathering near the windows and doors, making it hard to go outside."
Wasps,The number of wasps outside my apartment windows has increased.
Wasps,"Wasps keep gathering outside, making it hard to enjoy the balcony."
Wasps,"Wasps are gathering near the windows and doors, making it hard to go outside."
Wasps,The number of wasps outside my apartment windows has increased.
Wasps,"Wasps keep gathering outside, making it hard to enjoy the balcony."
Wasps,"Wasps are gathering near the windows and doors, making it hard to go outside."
Wasps,The number of wasps outside my apartment windows has increased.
Wasps,"Wasps keep gathering outside, making it hard to enjoy the balcony."
Wasps,"Wasps are gathering near the windows and doors, making it hard to go outside."
Wasps,The number of wasps outside my apartment windows has increased.
Wasps,"Wasps keep gathering outside, making it hard to enjoy the balcony."
Wasps,"Wasps are gathering near the windows and doors, making it hard to go outside."
Wasps,The number of wasps outside my apartment windows has increased.
Wasps,"Wasps keep gathering outside, making it hard to enjoy the balcony."
Wasps,"Wasps are gathering near the windows and doors, making it hard to go outside."
Wasps,The number of wasps outside my apartment windows has increased.
Wasps,"Wasps keep gathering outside, making it hard to enjoy the balcony."
Wasps,"Wasps are gathering near the windows and doors, making it hard to go outside."
Wasps,The number of wasps outside my apartment windows has increased.
Wasps,"Wasps keep gathering outside, making it hard to enjoy the balcony."
Wasps,"Wasps are gathering near the windows and doors, making it hard to go outside."
Wasps,The number of wasps outside my apartment windows has increased.
Wasps,"Wasps keep gathering outside, making it hard to enjoy the balcony."
Wasps,"Wasps are gathering near the windows and doors, making it hard to go outside."
Wasps,The number of wasps outside my apartment windows has increased.
Wasps,"Wasps keep gathering outside, making it hard to enjoy the balcony."
Wasps,"Wasps are gathering near the windows and doors, making it hard to go outside."
Wasps,The number of wasps outside my apartment windows has increased.
Wasps,"Wasps keep gathering outside, making it hard to enjoy the balcony."
Wasps,"Wasps are gathering near the windows and doors, making it hard to go outside."
Wasps,The number of wasps outside my apartment windows has increased.
Wasps,"Wasps keep gathering outside, making it hard to enjoy the balcony."
Wasps,"Wasps are gathering near the windows and doors, making it hard to go outside."
Wasps,The number of wasps outside my apartment windows has increased.
Wasps,"Wasps keep gathering outside, making it hard to enjoy the balcony."
Wasps,"Wasps are gathering near the windows and doors, making it hard to go outside."
Wasps,The number of wasps outside my apartment windows has increased.
Wasps,"Wasps keep gathering outside, making it hard to enjoy the balcony."
Wasps,"Wasps are gathering near the windows and doors, making it hard to go outside."
Wasps,The number of wasps outside my apartment windows has increased.
Wasps,"Wasps keep gathering outside, making it hard to enjoy the balcony."
Wasps,"Wasps are gathering near the windows and doors, making it hard to go outside."
Wasps,The number of wasps outside my apartment windows has increased.
Wasps,"Wasps keep gathering outside, making it hard to enjoy the balcony."
Wasps,"Wasps are gathering near the windows and doors, making it hard to go outside."
Wasps,The number of wasps outside my apartment windows has increased.
Wasps,"Wasps keep gathering outside, making it hard to enjoy the balcony."
Wasps,"Wasps are gathering near the windows and doors, making it hard to go outside."
Wasps,The number of wasps outside my apartment windows has increased.
Wasps,"Wasps keep gathering outside, making it hard to enjoy the balcony."
Wasps,"Wasps are gathering near the windows and doors, making it hard to go outside."
Wasps,The number of wasps outside my apartment windows has increased.
Wasps,"Wasps keep gathering outside, making it hard to enjoy the balcony."
Wasps,"Wasps are gathering near the windows and doors, making it hard to go outside."
Wasps,The number of wasps outside my apartment windows has increased.
Wasps,"Wasps keep gathering outside, making it hard to enjoy the balcony."
Wasps,"Wasps are gathering near the windows and doors, making it hard to go outside."
Wasps,The number of wasps outside my apartment windows has increased.
Wasps,"Wasps keep gathering outside, making it hard to enjoy the balcony."
Wasps,"Wasps are gathering near the windows and doors, making it hard to go outside."
Wasps,The number of wasps outside my apartment windows has increased.
Wasps,"Wasps keep gathering outside, making it hard to enjoy the balcony."
Wasps,"Wasps are gathering near the windows and doors, making it hard to go outside."
Wasps,The number of wasps outside my apartment windows has increased.
Wasps,"Wasps keep gathering outside, making it hard to enjoy the balcony."
Wasps,"Wasps are gathering near the windows and doors, making it hard to go outside."
Wasps,The number of wasps outside my apartment windows has increased.
Wasps,"Wasps keep gathering outside, making it hard to enjoy the balcony."
Wasps,"Wasps are gathering near the windows and doors, making it hard to go outside."
Wasps,The number of wasps outside my apartment windows has increased.
Wasps,"Wasps keep gathering outside, making it hard to enjoy the balcony."
Wasps,"Wasps are gathering near the windows and doors, making it hard to go outside."
Wasps,The number of wasps outside my apartment windows has increased.
Wasps,"Wasps keep gathering outside, making it hard to enjoy the balcony."
Wasps,"Wasps are gathering near the windows and doors, making it hard to go outside."
Wasps,The number of wasps outside my apartment windows has increased.
Wasps,"Wasps keep gathering outside, making it hard to enjoy the balcony."
Wasps,"Wasps are gathering near the windows and doors, making it hard to go outside."
Wasps,The number of wasps outside my apartment windows has increased.
Wasps,"Wasps keep gathering outside, making it hard to enjoy the balcony."
Wasps,"Wasps are gathering near the windows and doors, making it hard to go outside."
Wasps,The number of wasps outside my apartment windows has increased.
Wasps,"Wasps keep gathering outside, making it hard to enjoy the balcony."
Wasps,"Wasps are gathering near the windows and doors, making it hard to go outside."
Wasps,The number of wasps outside my apartment windows has increased.
Wasps,"Wasps keep gathering outside, making it hard to enjoy the balcony."
Wasps,"Wasps are gathering near the windows and doors, making it hard to go outside."
Wasps,The number of wasps outside my apartment windows has increased.
Wasps,"Wasps keep gathering outside, making it hard to enjoy the balcony."
Wasps,"Wasps are gathering near the windows and doors, making it hard to go outside."
Wasps,The number of wasps outside my apartment windows has increased.
Wasps,"Wasps keep gathering outside, making it hard to enjoy the balcony."
Wasps,"Wasps are gathering near the windows and doors, making it hard to go outside."
Wasps,The number of wasps outside my apartment windows has increased.
Wasps,"Wasps keep gathering outside, making it hard to enjoy the balcony."
Wasps,"Wasps are gathering near the windows and doors, making it hard to go outside."
Wasps,The number of wasps outside my apartment windows has increased.
Wasps,"Wasps keep gathering outside, making it hard to enjoy the balcony."
Wasps,"Wasps are gathering near the windows and doors, making it hard to go outside."
Wasps,The number of wasps outside my apartment windows has increased.
Wasps,"Wasps keep gathering outside, making it hard to enjoy the balcony."
Wasps,"Wasps are gathering near the windows and doors, making it hard to go outside."
Wasps,The number of wasps outside my apartment windows has increased.
Wasps,"Wasps keep gathering outside, making it hard to enjoy the balcony."
Wasps,"Wasps are gathering near the windows and doors, making it hard to go outside."
Wasps,The number of wasps outside my apartment windows has increased.
Wasps,"Wasps keep gathering outside, making it hard to enjoy the balcony."
Wasps,"Wasps are gathering near the windows and doors, making it hard to go outside."
Wasps,The number of wasps outside my apartment windows has increased.
Wasps,"Wasps keep gathering outside, making it hard to enjoy the balcony."
Wasps,"Wasps are gathering near the windows and doors, making it hard to go outside."
Wasps,The number of wasps outside my apartment windows has increased.
Wasps,"Wasps keep gathering outside, making it hard to enjoy the balcony."
Wasps,"Wasps are gathering near the windows and doors, making it hard to go outside."
Wasps,The number of wasps outside my apartment windows has increased.
Wasps,"Wasps keep gathering outside, making it hard to enjoy the balcony."
Wasps,"Wasps are gathering near the windows and doors, making it hard to go outside."
Wasps,The number of wasps outside my apartment windows has increased.
Wasps,"Wasps keep gathering outside, making it hard to enjoy the balcony."
Wasps,"Wasps are gathering near the windows and doors, making it hard to go outside."
Wasps,The number of wasps outside my apartment windows has increased.
Wasps,"Wasps keep gathering outside, making it hard to enjoy the balcony."
Wasps,"Wasps are gathering near the windows and doors, making it hard to go outside."
Wasps,The number of wasps outside my apartment windows has increased.
Wasps,"Wasps keep gathering outside, making it hard to enjoy the balcony."
Wasps,"Wasps are gathering near the windows and doors, making it hard to go outside."
Wasps,The number of wasps outside my apartment windows has increased.
Wasps,"Wasps keep gathering outside, making it hard to enjoy the balcony."
Wasps,"Wasps are gathering near the windows and doors, making it hard to go outside."
Wasps,The number of wasps outside my apartment windows has increased.
Wasps,"Wasps keep gathering outside, making it hard to enjoy the balcony."
Wasps,"Wasps are gathering near the windows and doors, making it hard to go outside."
Wasps,The number of wasps outside my apartment windows has increased.
Wasps,"Wasps keep gathering outside, making it hard to enjoy the balcony."
Wasps,"Wasps are gathering near the windows and doors, making it hard to go outside."
Wasps,The number of wasps outside my apartment windows has increased.
Wasps,"Wasps keep gathering outside, making it hard to enjoy the balcony."
Wasps,"Wasps are gathering near the windows and doors, making it hard to go outside."
Wasps,The number of wasps outside my apartment windows has increased.
Wasps,"Wasps keep gathering outside, making it hard to enjoy the balcony."
Wasps,"Wasps are gathering near the windows and doors, making it hard to go outside."
Wasps,The number of wasps outside my apartment windows has increased.
Wasps,"Wasps keep gathering outside, making it hard to enjoy the balcony."
Wasps,"Wasps are gathering near the windows and doors, making it hard to go outside."
Wasps,The number of wasps outside my apartment windows has increased.
Wasps,"Wasps keep gathering outside, making it hard to enjoy the balcony."
Wasps,"Wasps are gathering near the windows and doors, making it hard to go outside."
Wasps,The number of wasps outside my apartment windows has increased.
Wasps,"Wasps keep gathering outside, making it hard to enjoy the balcony."
Wasps,"Wasps are gathering near the windows and doors, making it hard to go outside."
Wasps,The number of wasps outside my apartment windows has increased.
Wasps,"Wasps keep gathering outside, making it hard to enjoy the balcony."
Wasps,"Wasps are gathering near the windows and doors, making it hard to go outside."
Wasps,The number of wasps outside my apartment windows has increased.
Wasps,"Wasps keep gathering outside, making it hard to enjoy the balcony."
Wasps,"Wasps are gathering near the windows and doors, making it hard to go outside."
Wasps,The number of wasps outside my apartment windows has increased.
Wasps,"Wasps keep gathering outside, making it hard to enjoy the balcony."
Wasps,"Wasps are gathering near the windows and doors, making it hard to go outside."
Wasps,The number of wasps outside my apartment windows has increased.
Wasps,"Wasps keep gathering outside, making it hard to enjoy the balcony."
Wasps,"Wasps are gathering near the windows and doors, making it hard to go outside."
Wasps,The number of wasps outside my apartment windows has increased.
Wasps,"Wasps keep gathering outside, making it hard to enjoy the balcony."
Wasps,"Wasps are gathering near the windows and doors, making it hard to go outside."
Wasps,The number of wasps outside my apartment windows has increased.
Wasps,"Wasps keep gathering outside, making it hard to enjoy the balcony."
Wasps,"Wasps are gathering near the windows and doors, making it hard to go outside."
Wasps,The number of wasps outside my apartment windows has increased.
Wasps,"Wasps keep gathering outside, making it hard to enjoy the balcony."
Wasps,"Wasps are gathering near the windows and doors, making it hard to go outside."
Wasps,The number of wasps outside my apartment windows has increased.
Wasps,"Wasps keep gathering outside, making it hard to enjoy the balcony."
Wasps,"Wasps are gathering near the windows and doors, making it hard to go outside."
Wasps,The number of wasps outside my apartment windows has increased.
Wasps,"Wasps keep gathering outside, making it hard to enjoy the balcony."
Wasps,"Wasps are gathering near the windows and doors, making it hard to go outside."
Wasps,The number of wasps outside my apartment windows has increased.
Wasps,"Wasps keep gathering outside, making it hard to enjoy the balcony."
Wasps,"Wasps are gathering near the windows and doors, making it hard to go outside."
Wasps,The number of wasps outside my apartment windows has increased.
Wasps,"Wasps keep gathering outside, making it hard to enjoy the balcony."
Wasps,"Wasps are gathering near the windows and doors, making it hard to go outside."
Wasps,The number of wasps outside my apartment windows has increased.
Wasps,"Wasps keep gathering outside, making it hard to enjoy the balcony."
Wasps,"Wasps are gathering near the windows and doors, making it hard to go outside."
Wasps,The number of wasps outside my apartment windows has increased.
Wasps,"Wasps keep gathering outside, making it hard to enjoy the balcony."
Wasps,"Wasps are gathering near the windows and doors, making it hard to go outside."
Wasps,The number of wasps outside my apartment windows has increased.
Wasps,"Wasps keep gathering outside, making it hard to enjoy the balcony."
Wasps,"Wasps are gathering near the windows and doors, making it hard to go outside."
Wasps,The number of wasps outside my apartment windows has increased.
Wasps,"Wasps keep gathering outside, making it hard to enjoy the balcony."
Wasps,"Wasps are gathering near the windows and doors, making it hard to go outside."
Wasps,The number of wasps outside my apartment windows has increased.
Wasps,"Wasps keep gathering outside, making it hard to enjoy the balcony."
Wasps,"Wasps are gathering near the windows and doors, making it hard to go outside."
Wasps,The number of wasps outside my apartment windows has increased.
Wasps,"Wasps keep gathering outside, making it hard to enjoy the balcony."
Cockroach Infestation,"The cockroach problem is getting worse, with more of them in the kitchen."
Cockroach Infestation,"More cockroaches are appearing in the bathroom, and it's disgusting."
Cockroach Infestation,The infestation of cockroaches is spreading to other areas of the apartment.
Cockroach Infestation,"The cockroach problem is getting worse, with more of them in the kitchen."
Cockroach Infestation,"More cockroaches are appearing in the bathroom, and it's disgusting."
Cockroach Infestation,The infestation of cockroaches is spreading to other areas of the apartment.
Cockroach Infestation,"The cockroach problem is getting worse, with more of them in the kitchen."
Cockroach Infestation,"More cockroaches are appearing in the bathroom, and it's disgusting."
Cockroach Infestation,The infestation of cockroaches is spreading to other areas of the apartment.
Cockroach Infestation,"The cockroach problem is getting worse, with more of them in the kitchen."
Cockroach Infestation,"More cockroaches are appearing in the bathroom, and it's disgusting."
Cockroach Infestation,The infestation of cockroaches is spreading to other areas of the apartment.
Cockroach Infestation,"The cockroach problem is getting worse, with more of them in the kitchen."
Cockroach Infestation,"More cockroaches are appearing in the bathroom, and it's disgusting."
Cockroach Infestation,The infestation of cockroaches is spreading to other areas of the apartment.
Cockroach Infestation,"The cockroach problem is getting worse, with more of them in the kitchen."
Cockroach Infestation,"More cockroaches are appearing in the bathroom, and it's disgusting."
Cockroach Infestation,The infestation of cockroaches is spreading to other areas of the apartment.
Cockroach Infestation,"The cockroach problem is getting worse, with more of them in the kitchen."
Cockroach Infestation,"More cockroaches are appearing in the bathroom, and it's disgusting."
Cockroach Infestation,The infestation of cockroaches is spreading to other areas of the apartment.
Cockroach Infestation,"The cockroach problem is getting worse, with more of them in the kitchen."
Cockroach Infestation,"More cockroaches are appearing in the bathroom, and it's disgusting."
Cockroach Infestation,The infestation of cockroaches is spreading to other areas of the apartment.
Cockroach Infestation,"The cockroach problem is getting worse, with more of them in the kitchen."
Cockroach Infestation,"More cockroaches are appearing in the bathroom, and it's disgusting."
Cockroach Infestation,The infestation of cockroaches is spreading to other areas of the apartment.
Cockroach Infestation,"The cockroach problem is getting worse, with more of them in the kitchen."
Cockroach Infestation,"More cockroaches are appearing in the bathroom, and it's disgusting."
Cockroach Infestation,The infestation of cockroaches is spreading to other areas of the apartment.
Cockroach Infestation,"The cockroach problem is getting worse, with more of them in the kitchen."
Cockroach Infestation,"More cockroaches are appearing in the bathroom, and it's disgusting."
Cockroach Infestation,The infestation of cockroaches is spreading to other areas of the apartment.
Cockroach Infestation,"The cockroach problem is getting worse, with more of them in the kitchen."
Cockroach Infestation,"More cockroaches are appearing in the bathroom, and it's disgusting."
Cockroach Infestation,The infestation of cockroaches is spreading to other areas of the apartment.
Cockroach Infestation,"The cockroach problem is getting worse, with more of them in the kitchen."
Cockroach Infestation,"More cockroaches are appearing in the bathroom, and it's disgusting."
Cockroach Infestation,The infestation of cockroaches is spreading to other areas of the apartment.
Cockroach Infestation,"The cockroach problem is getting worse, with more of them in the kitchen."
Cockroach Infestation,"More cockroaches are appearing in the bathroom, and it's disgusting."
Cockroach Infestation,The infestation of cockroaches is spreading to other areas of the apartment.
Cockroach Infestation,"The cockroach problem is getting worse, with more of them in the kitchen."
Cockroach Infestation,"More cockroaches are appearing in the bathroom, and it's disgusting."
Cockroach Infestation,The infestation of cockroaches is spreading to other areas of the apartment.
Cockroach Infestation,"The cockroach problem is getting worse, with more of them in the kitchen."
Cockroach Infestation,"More cockroaches are appearing in the bathroom, and it's disgusting."
Cockroach Infestation,The infestation of cockroaches is spreading to other areas of the apartment.
Cockroach Infestation,"The cockroach problem is getting worse, with more of them in the kitchen."
Cockroach Infestation,"More cockroaches are appearing in the bathroom, and it's disgusting."
Cockroach Infestation,The infestation of cockroaches is spreading to other areas of the apartment.
Cockroach Infestation,"The cockroach problem is getting worse, with more of them in the kitchen."
Cockroach Infestation,"More cockroaches are appearing in the bathroom, and it's disgusting."
Cockroach Infestation,The infestation of cockroaches is spreading to other areas of the apartment.
Cockroach Infestation,"The cockroach problem is getting worse, with more of them in the kitchen."
Cockroach Infestation,"More cockroaches are appearing in the bathroom, and it's disgusting."
Cockroach Infestation,The infestation of cockroaches is spreading to other areas of the apartment.
Cockroach Infestation,"The cockroach problem is getting worse, with more of them in the kitchen."
Cockroach Infestation,"More cockroaches are appearing in the bathroom, and it's disgusting."
Cockroach Infestation,The infestation of cockroaches is spreading to other areas of the apartment.
Cockroach Infestation,"The cockroach problem is getting worse, with more of them in the kitchen."
Cockroach Infestation,"More cockroaches are appearing in the bathroom, and it's disgusting."
Cockroach Infestation,The infestation of cockroaches is spreading to other areas of the apartment.
Cockroach Infestation,"The cockroach problem is getting worse, with more of them in the kitchen."
Cockroach Infestation,"More cockroaches are appearing in the bathroom, and it's disgusting."
Cockroach Infestation,The infestation of cockroaches is spreading to other areas of the apartment.
Cockroach Infestation,"The cockroach problem is getting worse, with more of them in the kitchen."
Cockroach Infestation,"More cockroaches are appearing in the bathroom, and it's disgusting."
Cockroach Infestation,The infestation of cockroaches is spreading to other areas of the apartment.
Cockroach Infestation,"The cockroach problem is getting worse, with more of them in the kitchen."
Cockroach Infestation,"More cockroaches are appearing in the bathroom, and it's disgusting."
Cockroach Infestation,The infestation of cockroaches is spreading to other areas of the apartment.
Cockroach Infestation,"The cockroach problem is getting worse, with more of them in the kitchen."
Cockroach Infestation,"More cockroaches are appearing in the bathroom, and it's disgusting."
Cockroach Infestation,The infestation of cockroaches is spreading to other areas of the apartment.
Cockroach Infestation,"The cockroach problem is getting worse, with more of them in the kitchen."
Cockroach Infestation,"More cockroaches are appearing in the bathroom, and it's disgusting."
Cockroach Infestation,The infestation of cockroaches is spreading to other areas of the apartment.
Cockroach Infestation,"The cockroach problem is getting worse, with more of them in the kitchen."
Cockroach Infestation,"More cockroaches are appearing in the bathroom, and it's disgusting."
Cockroach Infestation,The infestation of cockroaches is spreading to other areas of the apartment.
Cockroach Infestation,"The cockroach problem is getting worse, with more of them in the kitchen."
Cockroach Infestation,"More cockroaches are appearing in the bathroom, and it's disgusting."
Cockroach Infestation,The infestation of cockroaches is spreading to other areas of the apartment.
Cockroach Infestation,"The cockroach problem is getting worse, with more of them in the kitchen."
Cockroach Infestation,"More cockroaches are appearing in the bathroom, and it's disgusting."
Cockroach Infestation,The infestation of cockroaches is spreading to other areas of the apartment.
Cockroach Infestation,"The cockroach problem is getting worse, with more of them in the kitchen."
Cockroach Infestation,"More cockroaches are appearing in the bathroom, and it's disgusting."
Cockroach Infestation,The infestation of cockroaches is spreading to other areas of the apartment.
Cockroach Infestation,"The cockroach problem is getting worse, with more of them in the kitchen."
Cockroach Infestation,"More cockroaches are appearing in the bathroom, and it's disgusting."
Cockroach Infestation,The infestation of cockroaches is spreading to other areas of the apartment.
Cockroach Infestation,"The cockroach problem is getting worse, with more of them in the kitchen."
Cockroach Infestation,"More cockroaches are appearing in the bathroom, and it's disgusting."
Cockroach Infestation,The infestation of cockroaches is spreading to other areas of the apartment.
Cockroach Infestation,"The cockroach problem is getting worse, with more of them in the kitchen."
Cockroach Infestation,"More cockroaches are appearing in the bathroom, and it's disgusting."
Cockroach Infestation,The infestation of cockroaches is spreading to other areas of the apartment.
Cockroach Infestation,"The cockroach problem is getting worse, with more of them in the kitchen."
Cockroach Infestation,"More cockroaches are appearing in the bathroom, and it's disgusting."
Cockroach Infestation,The infestation of cockroaches is spreading to other areas of the apartment.
Cockroach Infestation,"The cockroach problem is getting worse, with more of them in the kitchen."
Cockroach Infestation,"More cockroaches are appearing in the bathroom, and it's disgusting."
Cockroach Infestation,The infestation of cockroaches is spreading to other areas of the apartment.
Cockroach Infestation,"The cockroach problem is getting worse, with more of them in the kitchen."
Cockroach Infestation,"More cockroaches are appearing in the bathroom, and it's disgusting."
Cockroach Infestation,The infestation of cockroaches is spreading to other areas of the apartment.
Cockroach Infestation,"The cockroach problem is getting worse, with more of them in the kitchen."
Cockroach Infestation,"More cockroaches are appearing in the bathroom, and it's disgusting."
Cockroach Infestation,The infestation of cockroaches is spreading to other areas of the apartment.
Cockroach Infestation,"The cockroach problem is getting worse, with more of them in the kitchen."
Cockroach Infestation,"More cockroaches are appearing in the bathroom, and it's disgusting."
Cockroach Infestation,The infestation of cockroaches is spreading to other areas of the apartment.
Cockroach Infestation,"The cockroach problem is getting worse, with more of them in the kitchen."
Cockroach Infestation,"More cockroaches are appearing in the bathroom, and it's disgusting."
Cockroach Infestation,The infestation of cockroaches is spreading to other areas of the apartment.
Cockroach Infestation,"The cockroach problem is getting worse, with more of them in the kitchen."
Cockroach Infestation,"More cockroaches are appearing in the bathroom, and it's disgusting."
Cockroach Infestation,The infestation of cockroaches is spreading to other areas of the apartment.
Cockroach Infestation,"The cockroach problem is getting worse, with more of them in the kitchen."
Cockroach Infestation,"More cockroaches are appearing in the bathroom, and it's disgusting."
Cockroach Infestation,The infestation of cockroaches is spreading to other areas of the apartment.
Cockroach Infestation,"The cockroach problem is getting worse, with more of them in the kitchen."
Cockroach Infestation,"More cockroaches are appearing in the bathroom, and it's disgusting."
Cockroach Infestation,The infestation of cockroaches is spreading to other areas of the apartment.
Cockroach Infestation,"The cockroach problem is getting worse, with more of them in the kitchen."
Cockroach Infestation,"More cockroaches are appearing in the bathroom, and it's disgusting."
Cockroach Infestation,The infestation of cockroaches is spreading to other areas of the apartment.
Cockroach Infestation,"The cockroach problem is getting worse, with more of them in the kitchen."
Cockroach Infestation,"More cockroaches are appearing in the bathroom, and it's disgusting."
Cockroach Infestation,The infestation of cockroaches is spreading to other areas of the apartment.
Cockroach Infestation,"The cockroach problem is getting worse, with more of them in the kitchen."
Cockroach Infestation,"More cockroaches are appearing in the bathroom, and it's disgusting."
Cockroach Infestation,The infestation of cockroaches is spreading to other areas of the apartment.
Cockroach Infestation,"The cockroach problem is getting worse, with more of them in the kitchen."
Cockroach Infestation,"More cockroaches are appearing in the bathroom, and it's disgusting."
Cockroach Infestation,The infestation of cockroaches is spreading to other areas of the apartment.
Cockroach Infestation,"The cockroach problem is getting worse, with more of them in the kitchen."
Cockroach Infestation,"More cockroaches are appearing in the bathroom, and it's disgusting."
Cockroach Infestation,The infestation of cockroaches is spreading to other areas of the apartment.
Cockroach Infestation,"The cockroach problem is getting worse, with more of them in the kitchen."
Cockroach Infestation,"More cockroaches are appearing in the bathroom, and it's disgusting."
Cockroach Infestation,The infestation of cockroaches is spreading to other areas of the apartment.
Cockroach Infestation,"The cockroach problem is getting worse, with more of them in the kitchen."
Cockroach Infestation,"More cockroaches are appearing in the bathroom, and it's disgusting."
Cockroach Infestation,The infestation of cockroaches is spreading to other areas of the apartment.
Cockroach Infestation,"The cockroach problem is getting worse, with more of them in the kitchen."
Cockroach Infestation,"More cockroaches are appearing in the bathroom, and it's disgusting."
Cockroach Infestation,The infestation of cockroaches is spreading to other areas of the apartment.
Cockroach Infestation,"The cockroach problem is getting worse, with more of them in the kitchen."
Cockroach Infestation,"More cockroaches are appearing in the bathroom, and it's disgusting."
Cockroach Infestation,The infestation of cockroaches is spreading to other areas of the apartment.
Cockroach Infestation,"The cockroach problem is getting worse, with more of them in the kitchen."
Cockroach Infestation,"More cockroaches are appearing in the bathroom, and it's disgusting."
Cockroach Infestation,The infestation of cockroaches is spreading to other areas of the apartment.
Cockroach Infestation,"The cockroach problem is getting worse, with more of them in the kitchen."
Cockroach Infestation,"More cockroaches are appearing in the bathroom, and it's disgusting."
Cockroach Infestation,The infestation of cockroaches is spreading to other areas of the apartment.
Cockroach Infestation,"The cockroach problem is getting worse, with more of them in the kitchen."
Cockroach Infestation,"More cockroaches are appearing in the bathroom, and it's disgusting."
Cockroach Infestation,The infestation of cockroaches is spreading to other areas of the apartment.
Cockroach Infestation,"The cockroach problem is getting worse, with more of them in the kitchen."
Cockroach Infestation,"More cockroaches are appearing in the bathroom, and it's disgusting."
Cockroach Infestation,The infestation of cockroaches is spreading to other areas of the apartment.
Cockroach Infestation,"The cockroach problem is getting worse, with more of them in the kitchen."
Cockroach Infestation,"More cockroaches are appearing in the bathroom, and it's disgusting."
Cockroach Infestation,The infestation of cockroaches is spreading to other areas of the apartment.
Cockroach Infestation,"The cockroach problem is getting worse, with more of them in the kitchen."
Cockroach Infestation,"More cockroaches are appearing in the bathroom, and it's disgusting."
Cockroach Infestation,The infestation of cockroaches is spreading to other areas of the apartment.
Cockroach Infestation,"The cockroach problem is getting worse, with more of them in the kitchen."
Cockroach Infestation,"More cockroaches are appearing in the bathroom, and it's disgusting."
Cockroach Infestation,The infestation of cockroaches is spreading to other areas of the apartment.
Cockroach Infestation,"The cockroach problem is getting worse, with more of them in the kitchen."
Cockroach Infestation,"More cockroaches are appearing in the bathroom, and it's disgusting."
Cockroach Infestation,The infestation of cockroaches is spreading to other areas of the apartment.
Cockroach Infestation,"The cockroach problem is getting worse, with more of them in the kitchen."
Cockroach Infestation,"More cockroaches are appearing in the bathroom, and it's disgusting."
Cockroach Infestation,The infestation of cockroaches is spreading to other areas of the apartment.
Cockroach Infestation,"The cockroach problem is getting worse, with more of them in the kitchen."
Cockroach Infestation,"More cockroaches are appearing in the bathroom, and it's disgusting."
Cockroach Infestation,The infestation of cockroaches is spreading to other areas of the apartment.
Cockroach Infestation,"The cockroach problem is getting worse, with more of them in the kitchen."
Cockroach Infestation,"More cockroaches are appearing in the bathroom, and it's disgusting."
Cockroach Infestation,The infestation of cockroaches is spreading to other areas of the apartment.
Cockroach Infestation,"The cockroach problem is getting worse, with more of them in the kitchen."
Cockroach Infestation,"More cockroaches are appearing in the bathroom, and it's disgusting."
Cockroach Infestation,The infestation of cockroaches is spreading to other areas of the apartment.
Cockroach Infestation,"The cockroach problem is getting worse, with more of them in the kitchen."
Cockroach Infestation,"More cockroaches are appearing in the bathroom, and it's disgusting."
Cockroach Infestation,The infestation of cockroaches is spreading to other areas of the apartment.
Cockroach Infestation,"The cockroach problem is getting worse, with more of them in the kitchen."
Cockroach Infestation,"More cockroaches are appearing in the bathroom, and it's disgusting."
Cockroach Infestation,The infestation of cockroaches is spreading to other areas of the apartment.
Cockroach Infestation,"The cockroach problem is getting worse, with more of them in the kitchen."
Cockroach Infestation,"More cockroaches are appearing in the bathroom, and it's disgusting."
Cockroach Infestation,The infestation of cockroaches is spreading to other areas of the apartment.
Cockroach Infestation,"The cockroach problem is getting worse, with more of them in the kitchen."
Cockroach Infestation,"More cockroaches are appearing in the bathroom, and it's disgusting."
Cockroach Infestation,The infestation of cockroaches is spreading to other areas of the apartment.
Cockroach Infestation,"The cockroach problem is getting worse, with more of them in the kitchen."
Cockroach Infestation,"More cockroaches are appearing in the bathroom, and it's disgusting."
Cockroach Infestation,The infestation of cockroaches is spreading to other areas of the apartment.
Cockroach Infestation,"The cockroach problem is getting worse, with more of them in the kitchen."
Cockroach Infestation,"More cockroaches are appearing in the bathroom, and it's disgusting."
Cockroach Infestation,The infestation of cockroaches is spreading to other areas of the apartment.
Cockroach Infestation,"The cockroach problem is getting worse, with more of them in the kitchen."
Cockroach Infestation,"More cockroaches are appearing in the bathroom, and it's disgusting."
Cockroach Infestation,The infestation of cockroaches is spreading to other areas of the apartment.
Cockroach Infestation,"The cockroach problem is getting worse, with more of them in the kitchen."
Cockroach Infestation,"More cockroaches are appearing in the bathroom, and it's disgusting."
Cockroach Infestation,The infestation of cockroaches is spreading to other areas of the apartment.
Cockroach Infestation,"The cockroach problem is getting worse, with more of them in the kitchen."
Cockroach Infestation,"More cockroaches are appearing in the bathroom, and it's disgusting."
Cockroach Infestation,The infestation of cockroaches is spreading to other areas of the apartment.
Cockroach Infestation,"The cockroach problem is getting worse, with more of them in the kitchen."
Cockroach Infestation,"More cockroaches are appearing in the bathroom, and it's disgusting."
Cockroach Infestation,The infestation of cockroaches is spreading to other areas of the apartment.
Cockroach Infestation,"The cockroach problem is getting worse, with more of them in the kitchen."
Cockroach Infestation,"More cockroaches are appearing in the bathroom, and it's disgusting."
Cockroach Infestation,The infestation of cockroaches is spreading to other areas of the apartment.
Cockroach Infestation,"The cockroach problem is getting worse, with more of them in the kitchen."
Cockroach Infestation,"More cockroaches are appearing in the bathroom, and it's disgusting."
Cockroach Infestation,The infestation of cockroaches is spreading to other areas of the apartment.
Cockroach Infestation,"The cockroach problem is getting worse, with more of them in the kitchen."
Cockroach Infestation,"More cockroaches are appearing in the bathroom, and it's disgusting."
Cockroach Infestation,The infestation of cockroaches is spreading to other areas of the apartment.
Cockroach Infestation,"The cockroach problem is getting worse, with more of them in the kitchen."
Cockroach Infestation,"More cockroaches are appearing in the bathroom, and it's disgusting."
Cockroach Infestation,The infestation of cockroaches is spreading to other areas of the apartment.
Cockroach Infestation,"The cockroach problem is getting worse, with more of them in the kitchen."
Cockroach Infestation,"More cockroaches are appearing in the bathroom, and it's disgusting."
Cockroach Infestation,The infestation of cockroaches is spreading to other areas of the apartment.
Cockroach Infestation,"The cockroach problem is getting worse, with more of them in the kitchen."
Cockroach Infestation,"More cockroaches are appearing in the bathroom, and it's disgusting."
Cockroach Infestation,The infestation of cockroaches is spreading to other areas of the apartment.
Cockroach Infestation,"The cockroach problem is getting worse, with more of them in the kitchen."
Cockroach Infestation,"More cockroaches are appearing in the bathroom, and it's disgusting."
Cockroach Infestation,The infestation of cockroaches is spreading to other areas of the apartment.
Cockroach Infestation,"The cockroach problem is getting worse, with more of them in the kitchen."
Cockroach Infestation,"More cockroaches are appearing in the bathroom, and it's disgusting."
Cockroach Infestation,The infestation of cockroaches is spreading to other areas of the apartment.
Cockroach Infestation,"The cockroach problem is getting worse, with more of them in the kitchen."
Cockroach Infestation,"More cockroaches are appearing in the bathroom, and it's disgusting."
Cockroach Infestation,The infestation of cockroaches is spreading to other areas of the apartment.
Cockroach Infestation,"The cockroach problem is getting worse, with more of them in the kitchen."
Cockroach Infestation,"More cockroaches are appearing in the bathroom, and it's disgusting."
Cockroach Infestation,The infestation of cockroaches is spreading to other areas of the apartment.
Cockroach Infestation,"The cockroach problem is getting worse, with more of them in the kitchen."
Cockroach Infestation,"More cockroaches are appearing in the bathroom, and it's disgusting."
Cockroach Infestation,The infestation of cockroaches is spreading to other areas of the apartment.
Cockroach Infestation,"The cockroach problem is getting worse, with more of them in the kitchen."
Cockroach Infestation,"More cockroaches are appearing in the bathroom, and it's disgusting."
Cockroach Infestation,The infestation of cockroaches is spreading to other areas of the apartment.
Cockroach Infestation,"The cockroach problem is getting worse, with more of them in the kitchen."
Cockroach Infestation,"More cockroaches are appearing in the bathroom, and it's disgusting."
Cockroach Infestation,The infestation of cockroaches is spreading to other areas of the apartment.
Cockroach Infestation,"The cockroach problem is getting worse, with more of them in the kitchen."
Cockroach Infestation,"More cockroaches are appearing in the bathroom, and it's disgusting."
Cockroach Infestation,The infestation of cockroaches is spreading to other areas of the apartment.
Cockroach Infestation,"The cockroach problem is getting worse, with more of them in the kitchen."
Cockroach Infestation,"More cockroaches are appearing in the bathroom, and it's disgusting."
Cockroach Infestation,The infestation of cockroaches is spreading to other areas of the apartment.
Cockroach Infestation,"The cockroach problem is getting worse, with more of them in the kitchen."
Cockroach Infestation,"More cockroaches are appearing in the bathroom, and it's disgusting."
Cockroach Infestation,The infestation of cockroaches is spreading to other areas of the apartment.
Cockroach Infestation,"The cockroach problem is getting worse, with more of them in the kitchen."
Cockroach Infestation,"More cockroaches are appearing in the bathroom, and it's disgusting."
Cockroach Infestation,The infestation of cockroaches is spreading to other areas of the apartment.
Cockroach Infestation,"The cockroach problem is getting worse, with more of them in the kitchen."
Cockroach Infestation,"More cockroaches are appearing in the bathroom, and it's disgusting."
Cockroach Infestation,The infestation of cockroaches is spreading to other areas of the apartment.
Cockroach Infestation,"The cockroach problem is getting worse, with more of them in the kitchen."
Cockroach Infestation,"More cockroaches are appearing in the bathroom, and it's disgusting."
Cockroach Infestation,The infestation of cockroaches is spreading to other areas of the apartment.
Cockroach Infestation,"The cockroach problem is getting worse, with more of them in the kitchen."
Cockroach Infestation,"More cockroaches are appearing in the bathroom, and it's disgusting."
Cockroach Infestation,The infestation of cockroaches is spreading to other areas of the apartment.
Cockroach Infestation,"The cockroach problem is getting worse, with more of them in the kitchen."
Cockroach Infestation,"More cockroaches are appearing in the bathroom, and it's disgusting."
Cockroach Infestation,The infestation of cockroaches is spreading to other areas of the apartment.
Cockroach Infestation,"The cockroach problem is getting worse, with more of them in the kitchen."
Cockroach Infestation,"More cockroaches are appearing in the bathroom, and it's disgusting."
Cockroach Infestation,The infestation of cockroaches is spreading to other areas of the apartment.
Cockroach Infestation,"The cockroach problem is getting worse, with more of them in the kitchen."
Cockroach Infestation,"More cockroaches are appearing in the bathroom, and it's disgusting."
Cockroach Infestation,The infestation of cockroaches is spreading to other areas of the apartment.
Cockroach Infestation,"The cockroach problem is getting worse, with more of them in the kitchen."
Cockroach Infestation,"More cockroaches are appearing in the bathroom, and it's disgusting."
Cockroach Infestation,The infestation of cockroaches is spreading to other areas of the apartment.
Cockroach Infestation,"The cockroach problem is getting worse, with more of them in the kitchen."
Cockroach Infestation,"More cockroaches are appearing in the bathroom, and it's disgusting."
Cockroach Infestation,The infestation of cockroaches is spreading to other areas of the apartment.
Cockroach Infestation,"The cockroach problem is getting worse, with more of them in the kitchen."
Cockroach Infestation,"More cockroaches are appearing in the bathroom, and it's disgusting."
Cockroach Infestation,The infestation of cockroaches is spreading to other areas of the apartment.
Cockroach Infestation,"The cockroach problem is getting worse, with more of them in the kitchen."
Cockroach Infestation,"More cockroaches are appearing in the bathroom, and it's disgusting."
Cockroach Infestation,The infestation of cockroaches is spreading to other areas of the apartment.
